Epoch,Layer,Node,WeightType,WeightIndex,WeightValue
0,0,0,input,0,1
0,0,0,output,0,0.243991
0,0,0,output,1,0.717761
0,0,0,output,2,0.950397
0,0,0,bias,0,0.583474
0,0,1,input,0,-1
0,0,1,output,0,0.920025
0,0,1,output,1,0.808085
0,0,1,output,2,0.457373
0,0,1,bias,0,4.94694
0,0,2,input,0,-1
0,0,2,output,0,-1.8434
0,0,2,output,1,1.08349
0,0,2,output,2,-7.05206
0,0,2,bias,0,-3.24072
0,1,0,input,0,0.243991
0,1,0,input,1,0.920025
0,1,0,input,2,-1.8434
0,1,0,output,0,0.175728
0,1,0,output,1,0.227636
0,1,0,output,2,0.292719
0,1,0,bias,0,-15.166
0,1,1,input,0,0.717761
0,1,1,input,1,0.808085
0,1,1,input,2,1.08349
0,1,1,output,0,0.897996
0,1,1,output,1,0.807083
0,1,1,output,2,0.74217
0,1,1,bias,0,0.12002
0,1,2,input,0,0.950397
0,1,2,input,1,0.457373
0,1,2,input,2,-7.05206
0,1,2,output,0,0.882502
0,1,2,output,1,0.900907
0,1,2,output,2,0.895846
0,1,2,bias,0,1.80131
0,2,0,input,0,0.175728
0,2,0,input,1,0.897996
0,2,0,input,2,0.882502
0,2,0,output,0,0.175707
0,2,0,bias,0,-58.1458
0,2,1,input,0,0.227636
0,2,1,input,1,0.807083
0,2,1,input,2,0.900907
0,2,1,output,0,0.227629
0,2,1,bias,0,-55.124
0,2,2,input,0,0.292719
0,2,2,input,1,0.74217
0,2,2,input,2,0.895846
0,2,2,output,0,0.292693
0,2,2,bias,0,-49.7583
1,0,0,input,0,1
1,0,0,output,0,0.429641
1,0,0,output,1,0.75453
1,0,0,output,2,1.03733
1,0,0,bias,0,-0.530648
1,0,1,input,0,-1
1,0,1,output,0,1.36692
1,0,1,output,1,0.837843
1,0,1,output,2,0.458967
1,0,1,bias,0,5.04416
1,0,2,input,0,-1
1,0,2,output,0,-2.45925
1,0,2,output,1,1.06791
1,0,2,output,2,-7.05252
1,0,2,bias,0,-3.72846
1,1,0,input,0,0.429641
1,1,0,input,1,1.36692
1,1,0,input,2,-2.45925
1,1,0,output,0,0.0188472
1,1,0,output,1,0.0713092
1,1,0,output,2,0.136451
1,1,0,bias,0,-22.5422
1,1,1,input,0,0.75453
1,1,1,input,1,0.837843
1,1,1,input,2,1.06791
1,1,1,output,0,0.909994
1,1,1,output,1,0.762314
1,1,1,output,2,0.667474
1,1,1,bias,0,-0.344289
1,1,2,input,0,1.03733
1,1,2,input,1,0.458967
1,1,2,input,2,-7.05252
1,1,2,output,0,0.979453
1,1,2,output,1,0.967195
1,1,2,output,2,0.982293
1,1,2,bias,0,5.14371
1,2,0,input,0,0.0188472
1,2,0,input,1,0.909994
1,2,0,input,2,0.979453
1,2,0,output,0,0.00566158
1,2,0,bias,0,-70.5688
1,2,1,input,0,0.0713092
1,2,1,input,1,0.762314
1,2,1,input,2,0.967195
1,2,1,output,0,0.022465
1,2,1,bias,0,-65.5915
1,2,2,input,0,0.136451
1,2,2,input,1,0.667474
1,2,2,input,2,0.982293
1,2,2,output,0,0.0469409
1,2,2,bias,0,-62.7819
2,0,0,input,0,1
2,0,0,output,0,0.0476974
2,0,0,output,1,0.738754
2,0,0,output,2,0.69292
2,0,0,bias,0,-1.11239
2,0,1,input,0,-1
2,0,1,output,0,1.45385
2,0,1,output,1,0.83899
2,0,1,output,2,0.459191
2,0,1,bias,0,4.96532
2,0,2,input,0,-1
2,0,2,output,0,-1.8635
2,0,2,output,1,1.06802
2,0,2,output,2,-7.05258
2,0,2,bias,0,-2.4049
2,1,0,input,0,0.0476974
2,1,0,input,1,1.45385
2,1,0,input,2,-1.8635
2,1,0,output,0,6.78494e-06
2,1,0,output,1,0.00712209
2,1,0,output,2,0.013633
2,1,0,bias,0,-20.8934
2,1,1,input,0,0.738754
2,1,1,input,1,0.83899
2,1,1,input,2,1.06802
2,1,1,output,0,0.911152
2,1,1,output,1,0.763962
2,1,1,output,2,0.666751
2,1,1,bias,0,-0.543137
2,1,2,input,0,0.69292
2,1,2,input,1,0.459191
2,1,2,input,2,-7.05258
2,1,2,output,0,19.9293
2,1,2,output,1,0.987403
2,1,2,output,2,0.994811
2,1,2,bias,0,22.3623
2,2,0,input,0,6.78494e-06
2,2,0,input,1,0.911152
2,2,0,input,2,19.9293
2,2,0,output,0,5.64385e-09
2,2,0,bias,0,-2058.3
2,2,1,input,0,0.00712209
2,2,1,input,1,0.763962
2,2,1,input,2,0.987403
2,2,1,output,0,8.63166e-05
2,2,1,bias,0,-73.3149
2,2,2,input,0,0.013633
2,2,2,input,1,0.666751
2,2,2,input,2,0.994811
2,2,2,output,0,0.000367102
2,2,2,bias,0,-69.2003
3,0,0,input,0,1
3,0,0,output,0,1.1138e-05
3,0,0,output,1,0.737329
3,0,0,output,2,0.679213
3,0,0,bias,0,-2.7759
3,0,1,input,0,-1
3,0,1,output,0,1.50098
3,0,1,output,1,0.839143
3,0,1,output,2,0.459212
3,0,1,bias,0,4.92046
3,0,2,input,0,-1
3,0,2,output,0,-1.70262
3,0,2,output,1,1.06791
3,0,2,output,2,-7.05259
3,0,2,bias,0,-1.70694
3,1,0,input,0,1.1138e-05
3,1,0,input,1,1.50098
3,1,0,input,2,-1.70262
3,1,0,output,0,7.17734e-12
3,1,0,output,1,0.00433818
3,1,0,output,2,0.00394156
3,1,0,bias,0,-14.5091
3,1,1,input,0,0.737329
3,1,1,input,1,0.839143
3,1,1,input,2,1.06791
3,1,1,output,0,0.911153
3,1,1,output,1,0.762743
3,1,1,output,2,0.665302
3,1,1,bias,0,-0.544334
3,1,2,input,0,0.679213
3,1,2,input,1,0.459212
3,1,2,input,2,-7.05259
3,1,2,output,0,19.9294
3,1,2,output,1,0.992896
3,1,2,output,2,1.05049
3,1,2,bias,0,23.4687
3,2,0,input,0,7.17734e-12
3,2,0,input,1,0.911153
3,2,0,input,2,19.9294
3,2,0,output,0,6.42498e-15
3,2,0,bias,0,-1957.71
3,2,1,input,0,0.00433818
3,2,1,input,1,0.762743
3,2,1,input,2,0.992896
3,2,1,output,0,1.95161e-06
3,2,1,bias,0,-68.5263
3,2,2,input,0,0.00394156
3,2,2,input,1,0.665302
3,2,2,input,2,1.05049
3,2,2,output,0,4.27234e-06
3,2,2,bias,0,-69.4248
4,0,0,input,0,1
4,0,0,output,0,4.28883e-11
4,0,0,output,1,0.737186
4,0,0,output,2,0.678923
4,0,0,bias,0,-2.74826
4,0,1,input,0,-1
4,0,1,output,0,1.50099
4,0,1,output,1,0.839166
4,0,1,output,2,0.459213
4,0,1,bias,0,4.92048
4,0,2,input,0,-1
4,0,2,output,0,-1.70321
4,0,2,output,1,1.0679
4,0,2,output,2,-7.05259
4,0,2,bias,0,-1.70744
4,1,0,input,0,4.28883e-11
4,1,0,input,1,1.50099
4,1,0,input,2,-1.70321
4,1,0,output,0,6.52116e-18
4,1,0,output,1,1.39305e-07
4,1,0,output,2,1.92942e-07
4,1,0,bias,0,-14.5886
4,1,1,input,0,0.737186
4,1,1,input,1,0.839166
4,1,1,input,2,1.0679
4,1,1,output,0,0.911153
4,1,1,output,1,0.762732
4,1,1,output,2,0.665282
4,1,1,bias,0,-0.545975
4,1,2,input,0,0.678923
4,1,2,input,1,0.459213
4,1,2,input,2,-7.05259
4,1,2,output,0,19.9294
4,1,2,output,1,0.993501
4,1,2,output,2,1.05099
4,1,2,bias,0,23.4868
4,2,0,input,0,6.52116e-18
4,2,0,input,1,0.911153
4,2,0,input,2,19.9294
4,2,0,output,0,1.30294e-20
4,2,0,bias,0,-1958.52
4,2,1,input,0,1.39305e-07
4,2,1,input,1,0.762732
4,2,1,input,2,0.993501
4,2,1,output,0,1.22936e-07
4,2,1,bias,0,-68.6369
4,2,2,input,0,1.92942e-07
4,2,2,input,1,0.665282
4,2,2,input,2,1.05099
4,2,2,output,0,4.5477e-07
4,2,2,bias,0,-69.5265
5,0,0,input,0,1
5,0,0,output,0,1.03872e-16
5,0,0,output,1,0.737186
5,0,0,output,2,0.678916
5,0,0,bias,0,-2.73832
5,0,1,input,0,-1
5,0,1,output,0,1.50099
5,0,1,output,1,0.839166
5,0,1,output,2,0.459213
5,0,1,bias,0,4.92048
5,0,2,input,0,-1
5,0,2,output,0,-1.70321
5,0,2,output,1,1.0679
5,0,2,output,2,-7.05259
5,0,2,bias,0,-1.70744
5,1,0,input,0,1.03872e-16
5,1,0,input,1,1.50099
5,1,0,input,2,-1.70321
5,1,0,output,0,6.879e-24
5,1,0,output,1,6.05131e-13
5,1,0,output,2,6.17131e-13
5,1,0,bias,0,-14.5888
5,1,1,input,0,0.737186
5,1,1,input,1,0.839166
5,1,1,input,2,1.0679
5,1,1,output,0,0.911153
5,1,1,output,1,0.762732
5,1,1,output,2,0.665282
5,1,1,bias,0,-0.545975
5,1,2,input,0,0.678916
5,1,2,input,1,0.459213
5,1,2,input,2,-7.05259
5,1,2,output,0,19.9294
5,1,2,output,1,0.993529
5,1,2,output,2,1.051
5,1,2,bias,0,23.4874
5,2,0,input,0,6.879e-24
5,2,0,input,1,0.911153
5,2,0,input,2,19.9294
5,2,0,output,0,2.76711e-26
5,2,0,bias,0,-1958.67
5,2,1,input,0,6.05131e-13
5,2,1,input,1,0.762732
5,2,1,input,2,0.993529
5,2,1,output,0,8.69328e-09
5,2,1,bias,0,-68.6525
5,2,2,input,0,6.17131e-13
5,2,2,input,1,0.665282
5,2,2,input,2,1.051
5,2,2,output,0,4.74439e-08
5,2,2,bias,0,-69.5394
6,0,0,input,0,1
6,0,0,output,0,2.45813e-22
6,0,0,output,1,0.737186
6,0,0,output,2,0.678916
6,0,0,bias,0,-2.73773
6,0,1,input,0,-1
6,0,1,output,0,1.50099
6,0,1,output,1,0.839166
6,0,1,output,2,0.459213
6,0,1,bias,0,4.92048
6,0,2,input,0,-1
6,0,2,output,0,-1.70321
6,0,2,output,1,1.0679
6,0,2,output,2,-7.05259
6,0,2,bias,0,-1.70744
6,1,0,input,0,2.45813e-22
6,1,0,input,1,1.50099
6,1,0,input,2,-1.70321
6,1,0,output,0,7.19625e-30
6,1,0,output,1,2.5199e-18
6,1,0,output,2,1.937e-18
6,1,0,bias,0,-14.5888
6,1,1,input,0,0.737186
6,1,1,input,1,0.839166
6,1,1,input,2,1.0679
6,1,1,output,0,0.911153
6,1,1,output,1,0.762732
6,1,1,output,2,0.665282
6,1,1,bias,0,-0.545975
6,1,2,input,0,0.678916
6,1,2,input,1,0.459213
6,1,2,input,2,-7.05259
6,1,2,output,0,19.9294
6,1,2,output,1,0.993529
6,1,2,output,2,1.051
6,1,2,bias,0,23.4874
6,2,0,input,0,7.19625e-30
6,2,0,input,1,0.911153
6,2,0,input,2,19.9294
6,2,0,output,0,5.89814e-32
6,2,0,bias,0,-1958.68
6,2,1,input,0,2.5199e-18
6,2,1,input,1,0.762732
6,2,1,input,2,0.993529
6,2,1,output,0,6.34905e-10
6,2,1,bias,0,-68.6533
6,2,2,input,0,1.937e-18
6,2,2,input,1,0.665282
6,2,2,input,2,1.051
6,2,2,output,0,4.92983e-09
6,2,2,bias,0,-69.5402
7,0,0,input,0,1
7,0,0,output,0,5.81459e-28
7,0,0,output,1,0.737186
7,0,0,output,2,0.678916
7,0,0,bias,0,-2.73771
7,0,1,input,0,-1
7,0,1,output,0,1.50099
7,0,1,output,1,0.839166
7,0,1,output,2,0.459213
7,0,1,bias,0,4.92048
7,0,2,input,0,-1
7,0,2,output,0,-1.70321
7,0,2,output,1,1.0679
7,0,2,output,2,-7.05259
7,0,2,bias,0,-1.70744
7,1,0,input,0,5.81459e-28
7,1,0,input,1,1.50099
7,1,0,input,2,-1.70321
7,1,0,output,0,7.52468e-36
7,1,0,output,1,1.0489e-23
7,1,0,output,2,6.07703e-24
7,1,0,bias,0,-14.5888
7,1,1,input,0,0.737186
7,1,1,input,1,0.839166
7,1,1,input,2,1.0679
7,1,1,output,0,0.911153
7,1,1,output,1,0.762732
7,1,1,output,2,0.665282
7,1,1,bias,0,-0.545975
7,1,2,input,0,0.678916
7,1,2,input,1,0.459213
7,1,2,input,2,-7.05259
7,1,2,output,0,19.9294
7,1,2,output,1,0.993529
7,1,2,output,2,1.051
7,1,2,bias,0,23.4874
7,2,0,input,0,7.52468e-36
7,2,0,input,1,0.911153
7,2,0,input,2,19.9294
7,2,0,output,0,1.25745e-37
7,2,0,bias,0,-1958.68
7,2,1,input,0,1.0489e-23
7,2,1,input,1,0.762732
7,2,1,input,2,0.993529
7,2,1,output,0,4.63701e-11
7,2,1,bias,0,-68.6533
7,2,2,input,0,6.07703e-24
7,2,2,input,1,0.665282
7,2,2,input,2,1.051
7,2,2,output,0,5.12261e-10
7,2,2,bias,0,-69.5402
8,0,0,input,0,1
8,0,0,output,0,1.3754e-33
8,0,0,output,1,0.737186
8,0,0,output,2,0.678916
8,0,0,bias,0,-2.73771
8,0,1,input,0,-1
8,0,1,output,0,1.50099
8,0,1,output,1,0.839166
8,0,1,output,2,0.459213
8,0,1,bias,0,4.92048
8,0,2,input,0,-1
8,0,2,output,0,-1.70321
8,0,2,output,1,1.0679
8,0,2,output,2,-7.05259
8,0,2,bias,0,-1.70744
8,1,0,input,0,1.3754e-33
8,1,0,input,1,1.50099
8,1,0,input,2,-1.70321
8,1,0,output,0,7.868e-42
8,1,0,output,1,4.36594e-29
8,1,0,output,2,1.90655e-29
8,1,0,bias,0,-14.5888
8,1,1,input,0,0.737186
8,1,1,input,1,0.839166
8,1,1,input,2,1.0679
8,1,1,output,0,0.911153
8,1,1,output,1,0.762732
8,1,1,output,2,0.665282
8,1,1,bias,0,-0.545975
8,1,2,input,0,0.678916
8,1,2,input,1,0.459213
8,1,2,input,2,-7.05259
8,1,2,output,0,19.9294
8,1,2,output,1,0.993529
8,1,2,output,2,1.051
8,1,2,bias,0,23.4874
8,2,0,input,0,7.868e-42
8,2,0,input,1,0.911153
8,2,0,input,2,19.9294
8,2,0,output,0,2.68086e-43
8,2,0,bias,0,-1958.68
8,2,1,input,0,4.36594e-29
8,2,1,input,1,0.762732
8,2,1,input,2,0.993529
8,2,1,output,0,3.38666e-12
8,2,1,bias,0,-68.6533
8,2,2,input,0,1.90655e-29
8,2,2,input,1,0.665282
8,2,2,input,2,1.051
8,2,2,output,0,5.32299e-11
8,2,2,bias,0,-69.5402
9,0,0,input,0,1
9,0,0,output,0,3.2534e-39
9,0,0,output,1,0.737186
9,0,0,output,2,0.678916
9,0,0,bias,0,-2.73771
9,0,1,input,0,-1
9,0,1,output,0,1.50099
9,0,1,output,1,0.839166
9,0,1,output,2,0.459213
9,0,1,bias,0,4.92048
9,0,2,input,0,-1
9,0,2,output,0,-1.70321
9,0,2,output,1,1.0679
9,0,2,output,2,-7.05259
9,0,2,bias,0,-1.70744
9,1,0,input,0,3.2534e-39
9,1,0,input,1,1.50099
9,1,0,input,2,-1.70321
9,1,0,output,0,8.22698e-48
9,1,0,output,1,1.81728e-34
9,1,0,output,2,5.98146e-35
9,1,0,bias,0,-14.5888
9,1,1,input,0,0.737186
9,1,1,input,1,0.839166
9,1,1,input,2,1.0679
9,1,1,output,0,0.911153
9,1,1,output,1,0.762732
9,1,1,output,2,0.665282
9,1,1,bias,0,-0.545975
9,1,2,input,0,0.678916
9,1,2,input,1,0.459213
9,1,2,input,2,-7.05259
9,1,2,output,0,19.9294
9,1,2,output,1,0.993529
9,1,2,output,2,1.051
9,1,2,bias,0,23.4874
9,2,0,input,0,8.22698e-48
9,2,0,input,1,0.911153
9,2,0,input,2,19.9294
9,2,0,output,0,5.71551e-49
9,2,0,bias,0,-1958.68
9,2,1,input,0,1.81728e-34
9,2,1,input,1,0.762732
9,2,1,input,2,0.993529
9,2,1,output,0,2.47347e-13
9,2,1,bias,0,-68.6533
9,2,2,input,0,5.98146e-35
9,2,2,input,1,0.665282
9,2,2,input,2,1.051
9,2,2,output,0,5.53122e-12
9,2,2,bias,0,-69.5402
10,0,0,input,0,1
10,0,0,output,0,7.69565e-45
10,0,0,output,1,0.737186
10,0,0,output,2,0.678916
10,0,0,bias,0,-2.73771
10,0,1,input,0,-1
10,0,1,output,0,1.50099
10,0,1,output,1,0.839166
10,0,1,output,2,0.459213
10,0,1,bias,0,4.92048
10,0,2,input,0,-1
10,0,2,output,0,-1.70321
10,0,2,output,1,1.0679
10,0,2,output,2,-7.05259
10,0,2,bias,0,-1.70744
10,1,0,input,0,7.69565e-45
10,1,0,input,1,1.50099
10,1,0,input,2,-1.70321
10,1,0,output,0,8.60233e-54
10,1,0,output,1,7.56427e-40
10,1,0,output,2,1.87657e-40
10,1,0,bias,0,-14.5888
10,1,1,input,0,0.737186
10,1,1,input,1,0.839166
10,1,1,input,2,1.0679
10,1,1,output,0,0.911153
10,1,1,output,1,0.762732
10,1,1,output,2,0.665282
10,1,1,bias,0,-0.545975
10,1,2,input,0,0.678916
10,1,2,input,1,0.459213
10,1,2,input,2,-7.05259
10,1,2,output,0,19.9294
10,1,2,output,1,0.993529
10,1,2,output,2,1.051
10,1,2,bias,0,23.4874
10,2,0,input,0,8.60233e-54
10,2,0,input,1,0.911153
10,2,0,input,2,19.9294
10,2,0,output,0,1.21853e-54
10,2,0,bias,0,-1958.68
10,2,1,input,0,7.56427e-40
10,2,1,input,1,0.762732
10,2,1,input,2,0.993529
10,2,1,output,0,1.80651e-14
10,2,1,bias,0,-68.6533
10,2,2,input,0,1.87657e-40
10,2,2,input,1,0.665282
10,2,2,input,2,1.051
10,2,2,output,0,5.74759e-13
10,2,2,bias,0,-69.5402
11,0,0,input,0,1
11,0,0,output,0,1.82035e-50
11,0,0,output,1,0.737186
11,0,0,output,2,0.678916
11,0,0,bias,0,-2.73771
11,0,1,input,0,-1
11,0,1,output,0,1.50099
11,0,1,output,1,0.839166
11,0,1,output,2,0.459213
11,0,1,bias,0,4.92048
11,0,2,input,0,-1
11,0,2,output,0,-1.70321
11,0,2,output,1,1.0679
11,0,2,output,2,-7.05259
11,0,2,bias,0,-1.70744
11,1,0,input,0,1.82035e-50
11,1,0,input,1,1.50099
11,1,0,input,2,-1.70321
11,1,0,output,0,8.99481e-60
11,1,0,output,1,3.14856e-45
11,1,0,output,2,5.88738e-46
11,1,0,bias,0,-14.5888
11,1,1,input,0,0.737186
11,1,1,input,1,0.839166
11,1,1,input,2,1.0679
11,1,1,output,0,0.911153
11,1,1,output,1,0.762732
11,1,1,output,2,0.665282
11,1,1,bias,0,-0.545975
11,1,2,input,0,0.678916
11,1,2,input,1,0.459213
11,1,2,input,2,-7.05259
11,1,2,output,0,19.9294
11,1,2,output,1,0.993529
11,1,2,output,2,1.051
11,1,2,bias,0,23.4874
11,2,0,input,0,8.99481e-60
11,2,0,input,1,0.911153
11,2,0,input,2,19.9294
11,2,0,output,0,2.59788e-60
11,2,0,bias,0,-1958.68
11,2,1,input,0,3.14856e-45
11,2,1,input,1,0.762732
11,2,1,input,2,0.993529
11,2,1,output,0,1.3194e-15
11,2,1,bias,0,-68.6533
11,2,2,input,0,5.88738e-46
11,2,2,input,1,0.665282
11,2,2,input,2,1.051
11,2,2,output,0,5.97242e-14
11,2,2,bias,0,-69.5402
12,0,0,input,0,1
12,0,0,output,0,4.30589e-56
12,0,0,output,1,0.737186
12,0,0,output,2,0.678916
12,0,0,bias,0,-2.73771
12,0,1,input,0,-1
12,0,1,output,0,1.50099
12,0,1,output,1,0.839166
12,0,1,output,2,0.459213
12,0,1,bias,0,4.92048
12,0,2,input,0,-1
12,0,2,output,0,-1.70321
12,0,2,output,1,1.0679
12,0,2,output,2,-7.05259
12,0,2,bias,0,-1.70744
12,1,0,input,0,4.30589e-56
12,1,0,input,1,1.50099
12,1,0,input,2,-1.70321
12,1,0,output,0,9.4052e-66
12,1,0,output,1,1.31056e-50
12,1,0,output,2,1.84705e-51
12,1,0,bias,0,-14.5888
12,1,1,input,0,0.737186
12,1,1,input,1,0.839166
12,1,1,input,2,1.0679
12,1,1,output,0,0.911153
12,1,1,output,1,0.762732
12,1,1,output,2,0.665282
12,1,1,bias,0,-0.545975
12,1,2,input,0,0.678916
12,1,2,input,1,0.459213
12,1,2,input,2,-7.05259
12,1,2,output,0,19.9294
12,1,2,output,1,0.993529
12,1,2,output,2,1.051
12,1,2,bias,0,23.4874
12,2,0,input,0,9.4052e-66
12,2,0,input,1,0.911153
12,2,0,input,2,19.9294
12,2,0,output,0,5.53861e-66
12,2,0,bias,0,-1958.68
12,2,1,input,0,1.31056e-50
12,2,1,input,1,0.762732
12,2,1,input,2,0.993529
12,2,1,output,0,9.63628e-17
12,2,1,bias,0,-68.6533
12,2,2,input,0,1.84705e-51
12,2,2,input,1,0.665282
12,2,2,input,2,1.051
12,2,2,output,0,6.20605e-15
12,2,2,bias,0,-69.5402
13,0,0,input,0,1
13,0,0,output,0,1.01852e-61
13,0,0,output,1,0.737186
13,0,0,output,2,0.678916
13,0,0,bias,0,-2.73771
13,0,1,input,0,-1
13,0,1,output,0,1.50099
13,0,1,output,1,0.839166
13,0,1,output,2,0.459213
13,0,1,bias,0,4.92048
13,0,2,input,0,-1
13,0,2,output,0,-1.70321
13,0,2,output,1,1.0679
13,0,2,output,2,-7.05259
13,0,2,bias,0,-1.70744
13,1,0,input,0,1.01852e-61
13,1,0,input,1,1.50099
13,1,0,input,2,-1.70321
13,1,0,output,0,9.83432e-72
13,1,0,output,1,5.45507e-56
13,1,0,output,2,5.79478e-57
13,1,0,bias,0,-14.5888
13,1,1,input,0,0.737186
13,1,1,input,1,0.839166
13,1,1,input,2,1.0679
13,1,1,output,0,0.911153
13,1,1,output,1,0.762732
13,1,1,output,2,0.665282
13,1,1,bias,0,-0.545975
13,1,2,input,0,0.678916
13,1,2,input,1,0.459213
13,1,2,input,2,-7.05259
13,1,2,output,0,19.9294
13,1,2,output,1,0.993529
13,1,2,output,2,1.051
13,1,2,bias,0,23.4874
13,2,0,input,0,9.83432e-72
13,2,0,input,1,0.911153
13,2,0,input,2,19.9294
13,2,0,output,0,1.18082e-71
13,2,0,bias,0,-1958.68
13,2,1,input,0,5.45507e-56
13,2,1,input,1,0.762732
13,2,1,input,2,0.993529
13,2,1,output,0,7.03791e-18
13,2,1,bias,0,-68.6533
13,2,2,input,0,5.79478e-57
13,2,2,input,1,0.665282
13,2,2,input,2,1.051
13,2,2,output,0,6.44882e-16
13,2,2,bias,0,-69.5402
14,0,0,input,0,1
14,0,0,output,0,2.40924e-67
14,0,0,output,1,0.737186
14,0,0,output,2,0.678916
14,0,0,bias,0,-2.73771
14,0,1,input,0,-1
14,0,1,output,0,1.50099
14,0,1,output,1,0.839166
14,0,1,output,2,0.459213
14,0,1,bias,0,4.92048
14,0,2,input,0,-1
14,0,2,output,0,-1.70321
14,0,2,output,1,1.0679
14,0,2,output,2,-7.05259
14,0,2,bias,0,-1.70744
14,1,0,input,0,2.40924e-67
14,1,0,input,1,1.50099
14,1,0,input,2,-1.70321
14,1,0,output,0,1.0283e-77
14,1,0,output,1,2.27062e-61
14,1,0,output,2,1.818e-62
14,1,0,bias,0,-14.5888
14,1,1,input,0,0.737186
14,1,1,input,1,0.839166
14,1,1,input,2,1.0679
14,1,1,output,0,0.911153
14,1,1,output,1,0.762732
14,1,1,output,2,0.665282
14,1,1,bias,0,-0.545975
14,1,2,input,0,0.678916
14,1,2,input,1,0.459213
14,1,2,input,2,-7.05259
14,1,2,output,0,19.9294
14,1,2,output,1,0.993529
14,1,2,output,2,1.051
14,1,2,bias,0,23.4874
14,2,0,input,0,1.0283e-77
14,2,0,input,1,0.911153
14,2,0,input,2,19.9294
14,2,0,output,0,2.51747e-77
14,2,0,bias,0,-1958.68
14,2,1,input,0,2.27062e-61
14,2,1,input,1,0.762732
14,2,1,input,2,0.993529
14,2,1,output,0,5.14018e-19
14,2,1,bias,0,-68.6533
14,2,2,input,0,1.818e-62
14,2,2,input,1,0.665282
14,2,2,input,2,1.051
14,2,2,output,0,6.70109e-17
14,2,2,bias,0,-69.5402
15,0,0,input,0,1
15,0,0,output,0,5.69887e-73
15,0,0,output,1,0.737186
15,0,0,output,2,0.678916
15,0,0,bias,0,-2.73771
15,0,1,input,0,-1
15,0,1,output,0,1.50099
15,0,1,output,1,0.839166
15,0,1,output,2,0.459213
15,0,1,bias,0,4.92048
15,0,2,input,0,-1
15,0,2,output,0,-1.70321
15,0,2,output,1,1.0679
15,0,2,output,2,-7.05259
15,0,2,bias,0,-1.70744
15,1,0,input,0,5.69887e-73
15,1,0,input,1,1.50099
15,1,0,input,2,-1.70321
15,1,0,output,0,1.07522e-83
15,1,0,output,1,9.45124e-67
15,1,0,output,2,5.70364e-68
15,1,0,bias,0,-14.5888
15,1,1,input,0,0.737186
15,1,1,input,1,0.839166
15,1,1,input,2,1.0679
15,1,1,output,0,0.911153
15,1,1,output,1,0.762732
15,1,1,output,2,0.665282
15,1,1,bias,0,-0.545975
15,1,2,input,0,0.678916
15,1,2,input,1,0.459213
15,1,2,input,2,-7.05259
15,1,2,output,0,19.9294
15,1,2,output,1,0.993529
15,1,2,output,2,1.051
15,1,2,bias,0,23.4874
15,2,0,input,0,1.07522e-83
15,2,0,input,1,0.911153
15,2,0,input,2,19.9294
15,2,0,output,0,5.36719e-83
15,2,0,bias,0,-1958.68
15,2,1,input,0,9.45124e-67
15,2,1,input,1,0.762732
15,2,1,input,2,0.993529
15,2,1,output,0,3.75416e-20
15,2,1,bias,0,-68.6533
15,2,2,input,0,5.70364e-68
15,2,2,input,1,0.665282
15,2,2,input,2,1.051
15,2,2,output,0,6.96322e-18
15,2,2,bias,0,-69.5402
16,0,0,input,0,1
16,0,0,output,0,1.34802e-78
16,0,0,output,1,0.737186
16,0,0,output,2,0.678916
16,0,0,bias,0,-2.73771
16,0,1,input,0,-1
16,0,1,output,0,1.50099
16,0,1,output,1,0.839166
16,0,1,output,2,0.459213
16,0,1,bias,0,4.92048
16,0,2,input,0,-1
16,0,2,output,0,-1.70321
16,0,2,output,1,1.0679
16,0,2,output,2,-7.05259
16,0,2,bias,0,-1.70744
16,1,0,input,0,1.34802e-78
16,1,0,input,1,1.50099
16,1,0,input,2,-1.70321
16,1,0,output,0,1.12427e-89
16,1,0,output,1,3.93399e-72
16,1,0,output,2,1.78941e-73
16,1,0,bias,0,-14.5888
16,1,1,input,0,0.737186
16,1,1,input,1,0.839166
16,1,1,input,2,1.0679
16,1,1,output,0,0.911153
16,1,1,output,1,0.762732
16,1,1,output,2,0.665282
16,1,1,bias,0,-0.545975
16,1,2,input,0,0.678916
16,1,2,input,1,0.459213
16,1,2,input,2,-7.05259
16,1,2,output,0,19.9294
16,1,2,output,1,0.993529
16,1,2,output,2,1.051
16,1,2,bias,0,23.4874
16,2,0,input,0,1.12427e-89
16,2,0,input,1,0.911153
16,2,0,input,2,19.9294
16,2,0,output,0,1.14427e-88
16,2,0,bias,0,-1958.68
16,2,1,input,0,3.93399e-72
16,2,1,input,1,0.762732
16,2,1,input,2,0.993529
16,2,1,output,0,2.74187e-21
16,2,1,bias,0,-68.6533
16,2,2,input,0,1.78941e-73
16,2,2,input,1,0.665282
16,2,2,input,2,1.051
16,2,2,output,0,7.23561e-19
16,2,2,bias,0,-69.5402
17,0,0,input,0,1
17,0,0,output,0,3.18864e-84
17,0,0,output,1,0.737186
17,0,0,output,2,0.678916
17,0,0,bias,0,-2.73771
17,0,1,input,0,-1
17,0,1,output,0,1.50099
17,0,1,output,1,0.839166
17,0,1,output,2,0.459213
17,0,1,bias,0,4.92048
17,0,2,input,0,-1
17,0,2,output,0,-1.70321
17,0,2,output,1,1.0679
17,0,2,output,2,-7.05259
17,0,2,bias,0,-1.70744
17,1,0,input,0,3.18864e-84
17,1,0,input,1,1.50099
17,1,0,input,2,-1.70321
17,1,0,output,0,1.17557e-95
17,1,0,output,1,1.63749e-77
17,1,0,output,2,5.61394e-79
17,1,0,bias,0,-14.5888
17,1,1,input,0,0.737186
17,1,1,input,1,0.839166
17,1,1,input,2,1.0679
17,1,1,output,0,0.911153
17,1,1,output,1,0.762732
17,1,1,output,2,0.665282
17,1,1,bias,0,-0.545975
17,1,2,input,0,0.678916
17,1,2,input,1,0.459213
17,1,2,input,2,-7.05259
17,1,2,output,0,19.9294
17,1,2,output,1,0.993529
17,1,2,output,2,1.051
17,1,2,bias,0,23.4874
17,2,0,input,0,1.17557e-95
17,2,0,input,1,0.911153
17,2,0,input,2,19.9294
17,2,0,output,0,2.43956e-94
17,2,0,bias,0,-1958.68
17,2,1,input,0,1.63749e-77
17,2,1,input,1,0.762732
17,2,1,input,2,0.993529
17,2,1,output,0,2.00254e-22
17,2,1,bias,0,-68.6533
17,2,2,input,0,5.61394e-79
17,2,2,input,1,0.665282
17,2,2,input,2,1.051
17,2,2,output,0,7.51866e-20
17,2,2,bias,0,-69.5402
18,0,0,input,0,1
18,0,0,output,0,7.54248e-90
18,0,0,output,1,0.737186
18,0,0,output,2,0.678916
18,0,0,bias,0,-2.73771
18,0,1,input,0,-1
18,0,1,output,0,1.50099
18,0,1,output,1,0.839166
18,0,1,output,2,0.459213
18,0,1,bias,0,4.92048
18,0,2,input,0,-1
18,0,2,output,0,-1.70321
18,0,2,output,1,1.0679
18,0,2,output,2,-7.05259
18,0,2,bias,0,-1.70744
18,1,0,input,0,7.54248e-90
18,1,0,input,1,1.50099
18,1,0,input,2,-1.70321
18,1,0,output,0,1.2292e-101
18,1,0,output,1,6.81588e-83
18,1,0,output,2,1.76127e-84
18,1,0,bias,0,-14.5888
18,1,1,input,0,0.737186
18,1,1,input,1,0.839166
18,1,1,input,2,1.0679
18,1,1,output,0,0.911153
18,1,1,output,1,0.762732
18,1,1,output,2,0.665282
18,1,1,bias,0,-0.545975
18,1,2,input,0,0.678916
18,1,2,input,1,0.459213
18,1,2,input,2,-7.05259
18,1,2,output,0,19.9294
18,1,2,output,1,0.993529
18,1,2,output,2,1.051
18,1,2,bias,0,23.4874
18,2,0,input,0,1.2292e-101
18,2,0,input,1,0.911153
18,2,0,input,2,19.9294
18,2,0,output,0,5.20107e-100
18,2,0,bias,0,-1958.68
18,2,1,input,0,6.81588e-83
18,2,1,input,1,0.762732
18,2,1,input,2,0.993529
18,2,1,output,0,1.46257e-23
18,2,1,bias,0,-68.6533
18,2,2,input,0,1.76127e-84
18,2,2,input,1,0.665282
18,2,2,input,2,1.051
18,2,2,output,0,7.81277e-21
18,2,2,bias,0,-69.5402
19,0,0,input,0,1
19,0,0,output,0,1.78411e-95
19,0,0,output,1,0.737186
19,0,0,output,2,0.678916
19,0,0,bias,0,-2.73771
19,0,1,input,0,-1
19,0,1,output,0,1.50099
19,0,1,output,1,0.839166
19,0,1,output,2,0.459213
19,0,1,bias,0,4.92048
19,0,2,input,0,-1
19,0,2,output,0,-1.70321
19,0,2,output,1,1.0679
19,0,2,output,2,-7.05259
19,0,2,bias,0,-1.70744
19,1,0,input,0,1.78411e-95
19,1,0,input,1,1.50099
19,1,0,input,2,-1.70321
19,1,0,output,0,1.28529e-107
19,1,0,output,1,2.83705e-88
19,1,0,output,2,5.52564e-90
19,1,0,bias,0,-14.5888
19,1,1,input,0,0.737186
19,1,1,input,1,0.839166
19,1,1,input,2,1.0679
19,1,1,output,0,0.911153
19,1,1,output,1,0.762732
19,1,1,output,2,0.665282
19,1,1,bias,0,-0.545975
19,1,2,input,0,0.678916
19,1,2,input,1,0.459213
19,1,2,input,2,-7.05259
19,1,2,output,0,19.9294
19,1,2,output,1,0.993529
19,1,2,output,2,1.051
19,1,2,bias,0,23.4874
19,2,0,input,0,1.28529e-107
19,2,0,input,1,0.911153
19,2,0,input,2,19.9294
19,2,0,output,0,1.10885e-105
19,2,0,bias,0,-1958.68
19,2,1,input,0,2.83705e-88
19,2,1,input,1,0.762732
19,2,1,input,2,0.993529
19,2,1,output,0,1.06819e-24
19,2,1,bias,0,-68.6533
19,2,2,input,0,5.52564e-90
19,2,2,input,1,0.665282
19,2,2,input,2,1.051
19,2,2,output,0,8.11839e-22
19,2,2,bias,0,-69.5402
20,0,0,input,0,1
20,0,0,output,0,4.22018e-101
20,0,0,output,1,0.737186
20,0,0,output,2,0.678916
20,0,0,bias,0,-2.73771
20,0,1,input,0,-1
20,0,1,output,0,1.50099
20,0,1,output,1,0.839166
20,0,1,output,2,0.459213
20,0,1,bias,0,4.92048
20,0,2,input,0,-1
20,0,2,output,0,-1.70321
20,0,2,output,1,1.0679
20,0,2,output,2,-7.05259
20,0,2,bias,0,-1.70744
20,1,0,input,0,4.22018e-101
20,1,0,input,1,1.50099
20,1,0,input,2,-1.70321
20,1,0,output,0,1.34393e-113
20,1,0,output,1,1.18089e-93
20,1,0,output,2,1.73356e-95
20,1,0,bias,0,-14.5888
20,1,1,input,0,0.737186
20,1,1,input,1,0.839166
20,1,1,input,2,1.0679
20,1,1,output,0,0.911153
20,1,1,output,1,0.762732
20,1,1,output,2,0.665282
20,1,1,bias,0,-0.545975
20,1,2,input,0,0.678916
20,1,2,input,1,0.459213
20,1,2,input,2,-7.05259
20,1,2,output,0,19.9294
20,1,2,output,1,0.993529
20,1,2,output,2,1.051
20,1,2,bias,0,23.4874
20,2,0,input,0,1.34393e-113
20,2,0,input,1,0.911153
20,2,0,input,2,19.9294
20,2,0,output,0,2.36405e-111
20,2,0,bias,0,-1958.68
20,2,1,input,0,1.18089e-93
20,2,1,input,1,0.762732
20,2,1,input,2,0.993529
20,2,1,output,0,7.8016e-26
20,2,1,bias,0,-68.6533
20,2,2,input,0,1.73356e-95
20,2,2,input,1,0.665282
20,2,2,input,2,1.051
20,2,2,output,0,8.43597e-23
20,2,2,bias,0,-69.5402
21,0,0,input,0,1
21,0,0,output,0,9.98252e-107
21,0,0,output,1,0.737186
21,0,0,output,2,0.678916
21,0,0,bias,0,-2.73771
21,0,1,input,0,-1
21,0,1,output,0,1.50099
21,0,1,output,1,0.839166
21,0,1,output,2,0.459213
21,0,1,bias,0,4.92048
21,0,2,input,0,-1
21,0,2,output,0,-1.70321
21,0,2,output,1,1.0679
21,0,2,output,2,-7.05259
21,0,2,bias,0,-1.70744
21,1,0,input,0,9.98252e-107
21,1,0,input,1,1.50099
21,1,0,input,2,-1.70321
21,1,0,output,0,1.40524e-119
21,1,0,output,1,4.91536e-99
21,1,0,output,2,5.43873e-101
21,1,0,bias,0,-14.5888
21,1,1,input,0,0.737186
21,1,1,input,1,0.839166
21,1,1,input,2,1.0679
21,1,1,output,0,0.911153
21,1,1,output,1,0.762732
21,1,1,output,2,0.665282
21,1,1,bias,0,-0.545975
21,1,2,input,0,0.678916
21,1,2,input,1,0.459213
21,1,2,input,2,-7.05259
21,1,2,output,0,19.9294
21,1,2,output,1,0.993529
21,1,2,output,2,1.051
21,1,2,bias,0,23.4874
21,2,0,input,0,1.40524e-119
21,2,0,input,1,0.911153
21,2,0,input,2,19.9294
21,2,0,output,0,5.04009e-117
21,2,0,bias,0,-1958.68
21,2,1,input,0,4.91536e-99
21,2,1,input,1,0.762732
21,2,1,input,2,0.993529
21,2,1,output,0,5.69794e-27
21,2,1,bias,0,-68.6533
21,2,2,input,0,5.43873e-101
21,2,2,input,1,0.665282
21,2,2,input,2,1.051
21,2,2,output,0,8.76597e-24
21,2,2,bias,0,-69.5402
22,0,0,input,0,1
22,0,0,output,0,2.36129e-112
22,0,0,output,1,0.737186
22,0,0,output,2,0.678916
22,0,0,bias,0,-2.73771
22,0,1,input,0,-1
22,0,1,output,0,1.50099
22,0,1,output,1,0.839166
22,0,1,output,2,0.459213
22,0,1,bias,0,4.92048
22,0,2,input,0,-1
22,0,2,output,0,-1.70321
22,0,2,output,1,1.0679
22,0,2,output,2,-7.05259
22,0,2,bias,0,-1.70744
22,1,0,input,0,2.36129e-112
22,1,0,input,1,1.50099
22,1,0,input,2,-1.70321
22,1,0,output,0,1.46936e-125
22,1,0,output,1,2.04597e-104
22,1,0,output,2,1.7063e-106
22,1,0,bias,0,-14.5888
22,1,1,input,0,0.737186
22,1,1,input,1,0.839166
22,1,1,input,2,1.0679
22,1,1,output,0,0.911153
22,1,1,output,1,0.762732
22,1,1,output,2,0.665282
22,1,1,bias,0,-0.545975
22,1,2,input,0,0.678916
22,1,2,input,1,0.459213
22,1,2,input,2,-7.05259
22,1,2,output,0,19.9294
22,1,2,output,1,0.993529
22,1,2,output,2,1.051
22,1,2,bias,0,23.4874
22,2,0,input,0,1.46936e-125
22,2,0,input,1,0.911153
22,2,0,input,2,19.9294
22,2,0,output,0,1.07453e-122
22,2,0,bias,0,-1958.68
22,2,1,input,0,2.04597e-104
22,2,1,input,1,0.762732
22,2,1,input,2,0.993529
22,2,1,output,0,4.16152e-28
22,2,1,bias,0,-68.6533
22,2,2,input,0,1.7063e-106
22,2,2,input,1,0.665282
22,2,2,input,2,1.051
22,2,2,output,0,9.10888e-25
22,2,2,bias,0,-69.5402
23,0,0,input,0,1
23,0,0,output,0,5.58544e-118
23,0,0,output,1,0.737186
23,0,0,output,2,0.678916
23,0,0,bias,0,-2.73771
23,0,1,input,0,-1
23,0,1,output,0,1.50099
23,0,1,output,1,0.839166
23,0,1,output,2,0.459213
23,0,1,bias,0,4.92048
23,0,2,input,0,-1
23,0,2,output,0,-1.70321
23,0,2,output,1,1.0679
23,0,2,output,2,-7.05259
23,0,2,bias,0,-1.70744
23,1,0,input,0,5.58544e-118
23,1,0,input,1,1.50099
23,1,0,input,2,-1.70321
23,1,0,output,0,1.5364e-131
23,1,0,output,1,8.51616e-110
23,1,0,output,2,5.35319e-112
23,1,0,bias,0,-14.5888
23,1,1,input,0,0.737186
23,1,1,input,1,0.839166
23,1,1,input,2,1.0679
23,1,1,output,0,0.911153
23,1,1,output,1,0.762732
23,1,1,output,2,0.665282
23,1,1,bias,0,-0.545975
23,1,2,input,0,0.678916
23,1,2,input,1,0.459213
23,1,2,input,2,-7.05259
23,1,2,output,0,19.9294
23,1,2,output,1,0.993529
23,1,2,output,2,1.051
23,1,2,bias,0,23.4874
23,2,0,input,0,1.5364e-131
23,2,0,input,1,0.911153
23,2,0,input,2,19.9294
23,2,0,output,0,2.29088e-128
23,2,0,bias,0,-1958.68
23,2,1,input,0,8.51616e-110
23,2,1,input,1,0.762732
23,2,1,input,2,0.993529
23,2,1,output,0,3.03939e-29
23,2,1,bias,0,-68.6533
23,2,2,input,0,5.35319e-112
23,2,2,input,1,0.665282
23,2,2,input,2,1.051
23,2,2,output,0,9.4652e-26
23,2,2,bias,0,-69.5402
24,0,0,input,0,1
24,0,0,output,0,1.32119e-123
24,0,0,output,1,0.737186
24,0,0,output,2,0.678916
24,0,0,bias,0,-2.73771
24,0,1,input,0,-1
24,0,1,output,0,1.50099
24,0,1,output,1,0.839166
24,0,1,output,2,0.459213
24,0,1,bias,0,4.92048
24,0,2,input,0,-1
24,0,2,output,0,-1.70321
24,0,2,output,1,1.0679
24,0,2,output,2,-7.05259
24,0,2,bias,0,-1.70744
24,1,0,input,0,1.32119e-123
24,1,0,input,1,1.50099
24,1,0,input,2,-1.70321
24,1,0,output,0,1.6065e-137
24,1,0,output,1,3.54477e-115
24,1,0,output,2,1.67946e-117
24,1,0,bias,0,-14.5888
24,1,1,input,0,0.737186
24,1,1,input,1,0.839166
24,1,1,input,2,1.0679
24,1,1,output,0,0.911153
24,1,1,output,1,0.762732
24,1,1,output,2,0.665282
24,1,1,bias,0,-0.545975
24,1,2,input,0,0.678916
24,1,2,input,1,0.459213
24,1,2,input,2,-7.05259
24,1,2,output,0,19.9294
24,1,2,output,1,0.993529
24,1,2,output,2,1.051
24,1,2,bias,0,23.4874
24,2,0,input,0,1.6065e-137
24,2,0,input,1,0.911153
24,2,0,input,2,19.9294
24,2,0,output,0,4.88409e-134
24,2,0,bias,0,-1958.68
24,2,1,input,0,3.54477e-115
24,2,1,input,1,0.762732
24,2,1,input,2,0.993529
24,2,1,output,0,2.21984e-30
24,2,1,bias,0,-68.6533
24,2,2,input,0,1.67946e-117
24,2,2,input,1,0.665282
24,2,2,input,2,1.051
24,2,2,output,0,9.83546e-27
24,2,2,bias,0,-69.5402
25,0,0,input,0,1
25,0,0,output,0,3.12518e-129
25,0,0,output,1,0.737186
25,0,0,output,2,0.678916
25,0,0,bias,0,-2.73771
25,0,1,input,0,-1
25,0,1,output,0,1.50099
25,0,1,output,1,0.839166
25,0,1,output,2,0.459213
25,0,1,bias,0,4.92048
25,0,2,input,0,-1
25,0,2,output,0,-1.70321
25,0,2,output,1,1.0679
25,0,2,output,2,-7.05259
25,0,2,bias,0,-1.70744
25,1,0,input,0,3.12518e-129
25,1,0,input,1,1.50099
25,1,0,input,2,-1.70321
25,1,0,output,0,1.67979e-143
25,1,0,output,1,1.47548e-120
25,1,0,output,2,5.269e-123
25,1,0,bias,0,-14.5888
25,1,1,input,0,0.737186
25,1,1,input,1,0.839166
25,1,1,input,2,1.0679
25,1,1,output,0,0.911153
25,1,1,output,1,0.762732
25,1,1,output,2,0.665282
25,1,1,bias,0,-0.545975
25,1,2,input,0,0.678916
25,1,2,input,1,0.459213
25,1,2,input,2,-7.05259
25,1,2,output,0,19.9294
25,1,2,output,1,0.993529
25,1,2,output,2,1.051
25,1,2,bias,0,23.4874
25,2,0,input,0,1.67979e-143
25,2,0,input,1,0.911153
25,2,0,input,2,19.9294
25,2,0,output,0,1.04128e-139
25,2,0,bias,0,-1958.68
25,2,1,input,0,1.47548e-120
25,2,1,input,1,0.762732
25,2,1,input,2,0.993529
25,2,1,output,0,1.62127e-31
25,2,1,bias,0,-68.6533
25,2,2,input,0,5.269e-123
25,2,2,input,1,0.665282
25,2,2,input,2,1.051
25,2,2,output,0,1.02202e-27
25,2,2,bias,0,-69.5402
26,0,0,input,0,1
26,0,0,output,0,7.39236e-135
26,0,0,output,1,0.737186
26,0,0,output,2,0.678916
26,0,0,bias,0,-2.73771
26,0,1,input,0,-1
26,0,1,output,0,1.50099
26,0,1,output,1,0.839166
26,0,1,output,2,0.459213
26,0,1,bias,0,4.92048
26,0,2,input,0,-1
26,0,2,output,0,-1.70321
26,0,2,output,1,1.0679
26,0,2,output,2,-7.05259
26,0,2,bias,0,-1.70744
26,1,0,input,0,7.39236e-135
26,1,0,input,1,1.50099
26,1,0,input,2,-1.70321
26,1,0,output,0,1.75643e-149
26,1,0,output,1,6.14154e-126
26,1,0,output,2,1.65305e-128
26,1,0,bias,0,-14.5888
26,1,1,input,0,0.737186
26,1,1,input,1,0.839166
26,1,1,input,2,1.0679
26,1,1,output,0,0.911153
26,1,1,output,1,0.762732
26,1,1,output,2,0.665282
26,1,1,bias,0,-0.545975
26,1,2,input,0,0.678916
26,1,2,input,1,0.459213
26,1,2,input,2,-7.05259
26,1,2,output,0,19.9294
26,1,2,output,1,0.993529
26,1,2,output,2,1.051
26,1,2,bias,0,23.4874
26,2,0,input,0,1.75643e-149
26,2,0,input,1,0.911153
26,2,0,input,2,19.9294
26,2,0,output,0,2.21997e-145
26,2,0,bias,0,-1958.68
26,2,1,input,0,6.14154e-126
26,2,1,input,1,0.762732
26,2,1,input,2,0.993529
26,2,1,output,0,1.1841e-32
26,2,1,bias,0,-68.6533
26,2,2,input,0,1.65305e-128
26,2,2,input,1,0.665282
26,2,2,input,2,1.051
26,2,2,output,0,1.062e-28
26,2,2,bias,0,-69.5402
27,0,0,input,0,1
27,0,0,output,0,1.7486e-140
27,0,0,output,1,0.737186
27,0,0,output,2,0.678916
27,0,0,bias,0,-2.73771
27,0,1,input,0,-1
27,0,1,output,0,1.50099
27,0,1,output,1,0.839166
27,0,1,output,2,0.459213
27,0,1,bias,0,4.92048
27,0,2,input,0,-1
27,0,2,output,0,-1.70321
27,0,2,output,1,1.0679
27,0,2,output,2,-7.05259
27,0,2,bias,0,-1.70744
27,1,0,input,0,1.7486e-140
27,1,0,input,1,1.50099
27,1,0,input,2,-1.70321
27,1,0,output,0,1.83657e-155
27,1,0,output,1,2.55636e-131
27,1,0,output,2,5.18613e-134
27,1,0,bias,0,-14.5888
27,1,1,input,0,0.737186
27,1,1,input,1,0.839166
27,1,1,input,2,1.0679
27,1,1,output,0,0.911153
27,1,1,output,1,0.762732
27,1,1,output,2,0.665282
27,1,1,bias,0,-0.545975
27,1,2,input,0,0.678916
27,1,2,input,1,0.459213
27,1,2,input,2,-7.05259
27,1,2,output,0,19.9294
27,1,2,output,1,0.993529
27,1,2,output,2,1.051
27,1,2,bias,0,23.4874
27,2,0,input,0,1.83657e-155
27,2,0,input,1,0.911153
27,2,0,input,2,19.9294
27,2,0,output,0,4.73293e-151
27,2,0,bias,0,-1958.68
27,2,1,input,0,2.55636e-131
27,2,1,input,1,0.762732
27,2,1,input,2,0.993529
27,2,1,output,0,8.64817e-34
27,2,1,bias,0,-68.6533
27,2,2,input,0,5.18613e-134
27,2,2,input,1,0.665282
27,2,2,input,2,1.051
27,2,2,output,0,1.10354e-29
27,2,2,bias,0,-69.5402
28,0,0,input,0,1
28,0,0,output,0,4.13619e-146
28,0,0,output,1,0.737186
28,0,0,output,2,0.678916
28,0,0,bias,0,-2.73771
28,0,1,input,0,-1
28,0,1,output,0,1.50099
28,0,1,output,1,0.839166
28,0,1,output,2,0.459213
28,0,1,bias,0,4.92048
28,0,2,input,0,-1
28,0,2,output,0,-1.70321
28,0,2,output,1,1.0679
28,0,2,output,2,-7.05259
28,0,2,bias,0,-1.70744
28,1,0,input,0,4.13619e-146
28,1,0,input,1,1.50099
28,1,0,input,2,-1.70321
28,1,0,output,0,1.92036e-161
28,1,0,output,1,1.06406e-136
28,1,0,output,2,1.62705e-139
28,1,0,bias,0,-14.5888
28,1,1,input,0,0.737186
28,1,1,input,1,0.839166
28,1,1,input,2,1.0679
28,1,1,output,0,0.911153
28,1,1,output,1,0.762732
28,1,1,output,2,0.665282
28,1,1,bias,0,-0.545975
28,1,2,input,0,0.678916
28,1,2,input,1,0.459213
28,1,2,input,2,-7.05259
28,1,2,output,0,19.9294
28,1,2,output,1,0.993529
28,1,2,output,2,1.051
28,1,2,bias,0,23.4874
28,2,0,input,0,1.92036e-161
28,2,0,input,1,0.911153
28,2,0,input,2,19.9294
28,2,0,output,0,1.00905e-156
28,2,0,bias,0,-1958.68
28,2,1,input,0,1.06406e-136
28,2,1,input,1,0.762732
28,2,1,input,2,0.993529
28,2,1,output,0,6.31624e-35
28,2,1,bias,0,-68.6533
28,2,2,input,0,1.62705e-139
28,2,2,input,1,0.665282
28,2,2,input,2,1.051
28,2,2,output,0,1.14671e-30
28,2,2,bias,0,-69.5402
29,0,0,input,0,1
29,0,0,output,0,9.78383e-152
29,0,0,output,1,0.737186
29,0,0,output,2,0.678916
29,0,0,bias,0,-2.73771
29,0,1,input,0,-1
29,0,1,output,0,1.50099
29,0,1,output,1,0.839166
29,0,1,output,2,0.459213
29,0,1,bias,0,4.92048
29,0,2,input,0,-1
29,0,2,output,0,-1.70321
29,0,2,output,1,1.0679
29,0,2,output,2,-7.05259
29,0,2,bias,0,-1.70744
29,1,0,input,0,9.78383e-152
29,1,0,input,1,1.50099
29,1,0,input,2,-1.70321
29,1,0,output,0,2.00798e-167
29,1,0,output,1,4.42905e-142
29,1,0,output,2,5.10456e-145
29,1,0,bias,0,-14.5888
29,1,1,input,0,0.737186
29,1,1,input,1,0.839166
29,1,1,input,2,1.0679
29,1,1,output,0,0.911153
29,1,1,output,1,0.762732
29,1,1,output,2,0.665282
29,1,1,bias,0,-0.545975
29,1,2,input,0,0.678916
29,1,2,input,1,0.459213
29,1,2,input,2,-7.05259
29,1,2,output,0,19.9294
29,1,2,output,1,0.993529
29,1,2,output,2,1.051
29,1,2,bias,0,23.4874
29,2,0,input,0,2.00798e-167
29,2,0,input,1,0.911153
29,2,0,input,2,19.9294
29,2,0,output,0,2.15126e-162
29,2,0,bias,0,-1958.68
29,2,1,input,0,4.42905e-142
29,2,1,input,1,0.762732
29,2,1,input,2,0.993529
29,2,1,output,0,4.6131e-36
29,2,1,bias,0,-68.6533
29,2,2,input,0,5.10456e-145
29,2,2,input,1,0.665282
29,2,2,input,2,1.051
29,2,2,output,0,1.19157e-31
29,2,2,bias,0,-69.5402
